date,Generic_Drug,quantity_available,daily_dispenses,daily_cost_volume,daily_cdsco_alerts,in_shortage,Supplier,Lead_Time_Days,demand_lag_7d,demand_lag_30d,demand_rolling_avg_14d,alert_count_last_30d
2024-01-01,Metformin,500,20,1139.64,0,0,Lupin Pharma,10,23.94,23.45,20.46,0
2024-01-02,Metformin,484,19,1001.71,0,0,Lupin Pharma,10,23.53,20.93,23.38,0
2024-01-03,Metformin,469,19,1029.38,0,0,Lupin Pharma,5,22.55,21.65,23.45,0
2024-01-04,Metformin,453,21,1151.96,0,0,Lupin Pharma,14,21.63,23.91,21.74,0
2024-01-05,Metformin,438,20,1141.57,0,0,Lupin Pharma,14,22.49,23.44,21.34,0
2024-01-06,Metformin,423,17,940.5,0,0,Lupin Pharma,14,20.37,23.46,20.53,0
2024-01-07,Metformin,407,21,1179.58,0,0,Lupin Pharma,5,23.89,21.62,23.06,0
2024-01-08,Metformin,392,28,1604.41,0,0,Lupin Pharma,7,23.75,20.79,23.63,0
2024-01-09,Metformin,376,25,1369.85,0,0,Lupin Pharma,5,23.22,23.77,20.53,0
2024-01-10,Metformin,361,23,1225.42,0,0,Lupin Pharma,10,22.0,21.33,23.2,0
2024-01-11,Metformin,346,18,1026.27,0,0,Lupin Pharma,7,20.56,22.93,23.48,0
2024-01-12,Metformin,330,19,1067.42,0,0,Lupin Pharma,14,20.5,24.18,23.66,0
2024-01-13,Metformin,315,20,1106.19,0,0,Lupin Pharma,7,21.8,22.86,22.76,0
2024-01-14,Metformin,299,22,1199.16,0,0,Lupin Pharma,14,24.19,21.29,22.79,0
2024-01-15,Metformin,500,21,1208.58,0,0,Lupin Pharma,7,20.35,21.93,22.08,0
2024-01-16,Metformin,484,21,1132.78,0,0,Lupin Pharma,10,20.8,21.4,20.79,0
2024-01-17,Metformin,469,25,1306.8,0,0,Lupin Pharma,7,20.04,23.84,22.5,0
2024-01-18,Metformin,453,22,1169.31,0,0,Lupin Pharma,10,23.61,19.82,23.52,0
2024-01-19,Metformin,438,24,1347.82,0,0,Lupin Pharma,5,21.43,21.39,21.76,0
2024-01-20,Metformin,423,20,1132.3,0,0,Lupin Pharma,5,20.89,19.92,21.05,0
2024-01-21,Metformin,407,18,961.84,0,0,Lupin Pharma,10,21.5,22.83,21.26,0
2024-01-22,Metformin,392,20,1112.24,0,0,Lupin Pharma,14,20.35,24.22,22.56,0
2024-01-23,Metformin,376,18,1034.95,0,0,Lupin Pharma,14,22.1,21.88,21.35,0
2024-01-24,Metformin,361,16,864.39,0,0,Lupin Pharma,10,23.67,24.93,20.45,0
2024-01-25,Metformin,346,24,1261.21,0,0,Lupin Pharma,5,21.78,24.1,20.29,0
2024-01-26,Metformin,330,19,1030.87,0,0,Lupin Pharma,5,20.81,22.06,22.56,0
2024-01-27,Metformin,315,23,1314.35,0,0,Lupin Pharma,5,23.31,20.5,23.04,0
2024-01-28,Metformin,299,19,1021.65,0,0,Lupin Pharma,5,22.24,20.92,23.45,0
2024-01-29,Metformin,500,25,1424.72,0,0,Lupin Pharma,14,21.38,21.5,21.36,0
2024-01-30,Metformin,484,22,1219.69,0,0,Lupin Pharma,5,20.01,23.88,21.59,0
2024-01-31,Metformin,469,23,1276.05,0,0,Lupin Pharma,7,20.23,22.25,23.12,0
2024-02-01,Metformin,453,23,1284.08,0,0,Lupin Pharma,14,23.67,23.07,21.39,0
2024-02-02,Metformin,438,27,1549.36,0,0,Lupin Pharma,7,23.28,20.79,21.13,0
2024-02-03,Metformin,423,24,1343.87,0,0,Lupin Pharma,14,23.34,23.52,21.83,0
2024-02-04,Metformin,407,25,1421.77,0,0,Lupin Pharma,7,21.95,23.68,23.29,0
2024-02-05,Metformin,392,21,1110.49,0,0,Lupin Pharma,14,20.92,24.74,22.66,0
2024-02-06,Metformin,376,25,1395.11,0,0,Lupin Pharma,5,23.53,20.56,23.03,0
2024-02-07,Metformin,361,19,1031.33,0,0,Lupin Pharma,14,21.48,20.99,23.2,0
2024-02-08,Metformin,346,19,1060.3,0,0,Lupin Pharma,5,22.56,19.51,22.05,0
2024-02-09,Metformin,330,16,836.5,0,0,Lupin Pharma,14,22.98,21.57,22.54,0
2024-02-10,Metformin,315,20,1076.19,0,0,Lupin Pharma,10,22.6,22.5,22.23,0
2024-02-11,Metformin,299,21,1140.78,0,0,Lupin Pharma,10,19.87,24.64,23.15,0
2024-02-12,Metformin,500,24,1320.19,0,0,Lupin Pharma,5,23.99,24.64,20.8,0
2024-02-13,Metformin,484,21,1102.0,0,0,Lupin Pharma,14,21.46,21.3,21.86,0
2024-02-14,Metformin,469,25,1314.58,0,0,Lupin Pharma,10,21.74,20.56,22.93,0
2024-02-15,Metformin,453,20,1145.92,0,0,Lupin Pharma,10,23.8,20.5,22.42,0
2024-02-16,Metformin,438,19,1095.96,0,0,Lupin Pharma,7,22.11,21.75,23.62,0
2024-02-17,Metformin,423,21,1184.52,0,0,Lupin Pharma,5,22.94,19.19,21.94,0
2024-02-18,Metformin,407,22,1154.36,0,0,Lupin Pharma,14,21.07,20.25,20.75,0
2024-02-19,Metformin,392,24,1361.68,0,0,Lupin Pharma,14,23.07,24.07,20.94,0
2024-02-20,Metformin,376,16,851.41,0,0,Lupin Pharma,7,23.45,24.72,21.6,0
2024-02-21,Metformin,361,17,910.96,0,0,Lupin Pharma,10,23.06,19.56,23.05,0
2024-02-22,Metformin,346,18,989.46,0,0,Lupin Pharma,10,20.86,19.11,20.76,0
2024-02-23,Metformin,330,21,1169.37,0,0,Lupin Pharma,7,21.06,24.08,23.46,0
2024-02-24,Metformin,315,19,1060.69,0,0,Lupin Pharma,5,22.78,25.08,20.29,0
2024-02-25,Metformin,299,19,1001.23,0,0,Lupin Pharma,7,23.77,22.5,21.81,0
2024-02-26,Metformin,500,23,1204.74,0,0,Lupin Pharma,7,21.69,25.24,22.26,0
2024-02-27,Metformin,484,29,1523.35,0,0,Lupin Pharma,7,23.41,24.93,22.56,0
2024-02-28,Metformin,469,25,1308.92,0,0,Lupin Pharma,10,21.23,23.28,22.31,0
2024-02-29,Metformin,453,29,1674.13,0,0,Lupin Pharma,14,21.68,22.44,22.71,0
2024-03-01,Metformin,438,23,1316.12,0,0,Lupin Pharma,14,22.3,20.5,22.41,0
2024-03-02,Metformin,423,19,1071.12,0,0,Lupin Pharma,14,20.8,24.58,23.27,0
2024-03-03,Metformin,407,23,1236.53,0,0,Lupin Pharma,14,20.16,19.6,22.22,0
2024-03-04,Metformin,392,25,1419.16,0,0,Lupin Pharma,10,22.65,18.8,20.87,0
2024-03-05,Metformin,376,25,1383.56,0,0,Lupin Pharma,14,24.02,23.23,23.67,0
2024-03-06,Metformin,361,18,971.42,0,0,Lupin Pharma,14,22.75,24.06,22.28,0
2024-03-07,Metformin,346,19,1075.89,0,0,Lupin Pharma,10,22.79,25.25,22.45,0
2024-03-08,Metformin,330,26,1460.51,0,0,Lupin Pharma,7,21.3,24.75,22.9,0
2024-03-09,Metformin,315,23,1255.44,0,0,Lupin Pharma,10,20.82,23.36,21.63,0
2024-03-10,Metformin,299,23,1242.9,0,0,Lupin Pharma,7,20.54,20.37,23.0,0
2024-03-11,Metformin,500,26,1470.3,0,0,Lupin Pharma,14,23.05,21.29,20.7,0
2024-03-12,Metformin,484,24,1383.74,0,0,Lupin Pharma,10,22.54,21.06,21.28,0
2024-03-13,Metformin,469,20,1129.96,0,0,Lupin Pharma,7,22.95,22.83,23.05,0
2024-03-14,Metformin,453,23,1296.54,0,0,Lupin Pharma,7,20.48,19.96,20.6,0
2024-03-15,Metformin,438,20,1109.58,0,0,Lupin Pharma,7,22.14,25.24,22.11,0
2024-03-16,Metformin,423,23,1243.9,0,0,Lupin Pharma,5,24.17,21.5,22.48,0
2024-03-17,Metformin,407,22,1186.97,0,0,Lupin Pharma,5,23.72,24.91,21.81,0
2024-03-18,Metformin,392,22,1201.18,0,0,Lupin Pharma,5,21.34,21.55,22.86,0
2024-03-19,Metformin,376,22,1215.53,0,0,Lupin Pharma,14,21.81,24.1,22.17,0
2024-03-20,Metformin,361,24,1255.57,0,0,Lupin Pharma,5,22.23,23.68,20.37,0
2024-03-21,Metformin,346,18,1018.99,0,0,Lupin Pharma,10,24.13,22.28,22.57,0
2024-03-22,Metformin,330,24,1281.41,0,0,Lupin Pharma,10,21.28,23.31,21.91,0
2024-03-23,Metformin,315,25,1318.68,0,0,Lupin Pharma,5,21.74,20.51,21.73,0
2024-03-24,Metformin,299,23,1253.54,0,0,Lupin Pharma,7,20.26,23.21,22.98,0
2024-03-25,Metformin,500,17,935.7,0,0,Lupin Pharma,14,22.82,19.43,23.65,0
2024-03-26,Metformin,484,21,1167.68,0,0,Lupin Pharma,14,21.82,20.86,23.7,0
2024-03-27,Metformin,469,22,1249.66,0,0,Lupin Pharma,5,19.87,19.24,21.15,0
2024-03-28,Metformin,453,22,1235.54,0,0,Lupin Pharma,7,22.82,22.44,21.64,0
2024-03-29,Metformin,438,18,975.8,0,0,Lupin Pharma,5,19.92,19.32,23.22,0
2024-03-30,Metformin,423,24,1320.61,0,0,Lupin Pharma,5,20.61,20.21,21.2,0
2024-01-01,Atorvastatin,450,15,1424.82,0,0,Cipla Mumbai,14,14.57,14.55,15.59,0
2024-01-02,Atorvastatin,439,13,1212.03,0,0,Cipla Mumbai,5,14.21,15.87,14.5,0
2024-01-03,Atorvastatin,429,16,1510.08,0,0,Cipla Mumbai,7,16.37,16.72,14.41,0
2024-01-04,Atorvastatin,418,12,1166.49,0,0,Cipla Mumbai,14,16.46,13.44,14.68,0
2024-01-05,Atorvastatin,408,15,1427.08,0,0,Cipla Mumbai,14,13.73,15.33,15.77,0
2024-01-06,Atorvastatin,397,14,1363.76,0,0,Cipla Mumbai,14,16.24,16.22,13.81,0
2024-01-07,Atorvastatin,387,14,1269.62,0,0,Cipla Mumbai,14,14.97,14.35,14.47,0
2024-01-08,Atorvastatin,376,18,1685.02,0,0,Cipla Mumbai,14,16.12,13.45,15.77,0
2024-01-09,Atorvastatin,366,13,1226.93,0,0,Cipla Mumbai,14,14.09,13.47,14.94,0
2024-01-10,Atorvastatin,355,17,1688.38,0,0,Cipla Mumbai,10,15.86,16.7,15.59,0
2024-01-11,Atorvastatin,345,16,1455.51,0,0,Cipla Mumbai,14,15.52,14.38,15.19,0
2024-01-12,Atorvastatin,334,14,1314.38,0,0,Cipla Mumbai,7,15.09,13.28,14.32,0
2024-01-13,Atorvastatin,324,18,1721.95,0,0,Cipla Mumbai,7,13.66,13.11,14.39,0
2024-01-14,Atorvastatin,313,15,1384.44,0,0,Cipla Mumbai,5,14.67,15.39,15.19,0
2024-01-15,Atorvastatin,450,14,1265.61,0,0,Cipla Mumbai,7,14.54,13.13,14.51,0
2024-01-16,Atorvastatin,439,13,1230.97,0,0,Cipla Mumbai,10,15.67,16.3,14.01,0
2024-01-17,Atorvastatin,429,15,1377.9,0,0,Cipla Mumbai,5,15.89,17.24,16.13,0
2024-01-18,Atorvastatin,418,14,1351.82,0,0,Cipla Mumbai,14,14.51,13.06,14.8,0
2024-01-19,Atorvastatin,408,13,1213.9,0,0,Cipla Mumbai,10,16.35,13.62,15.96,0
2024-01-20,Atorvastatin,397,12,1195.49,0,0,Cipla Mumbai,10,15.43,14.83,16.08,0
2024-01-21,Atorvastatin,387,17,1682.48,0,0,Cipla Mumbai,7,14.74,15.9,15.44,0
2024-01-22,Atorvastatin,376,16,1521.05,0,0,Cipla Mumbai,10,15.13,14.71,14.88,0
2024-01-23,Atorvastatin,366,14,1377.38,0,0,Cipla Mumbai,7,14.44,15.91,16.04,0
2024-01-24,Atorvastatin,355,16,1551.61,0,0,Cipla Mumbai,5,16.25,14.88,14.78,0
2024-01-25,Atorvastatin,345,13,1252.01,0,0,Cipla Mumbai,14,14.47,16.1,14.29,0
2024-01-26,Atorvastatin,334,13,1263.14,0,0,Cipla Mumbai,14,16.1,13.84,14.26,0
2024-01-27,Atorvastatin,324,14,1368.91,0,0,Cipla Mumbai,7,13.78,16.25,14.88,0
2024-01-28,Atorvastatin,313,14,1354.63,0,0,Cipla Mumbai,10,15.36,16.95,14.2,0
2024-01-29,Atorvastatin,450,16,1512.25,0,0,Cipla Mumbai,10,14.06,16.96,15.27,0
2024-01-30,Atorvastatin,439,13,1253.95,0,0,Cipla Mumbai,5,15.29,12.89,14.93,0
2024-01-31,Atorvastatin,429,15,1438.37,0,0,Cipla Mumbai,10,14.86,15.16,16.18,0
2024-02-01,Atorvastatin,418,13,1277.86,0,0,Cipla Mumbai,7,15.09,13.06,15.32,0
2024-02-02,Atorvastatin,408,17,1549.34,0,0,Cipla Mumbai,5,13.81,14.85,14.27,0
2024-02-03,Atorvastatin,397,12,1094.21,0,0,Cipla Mumbai,10,14.98,13.82,14.03,0
2024-02-04,Atorvastatin,387,14,1376.47,0,0,Cipla Mumbai,14,13.71,15.36,14.62,0
2024-02-05,Atorvastatin,376,15,1358.05,0,0,Cipla Mumbai,14,14.54,16.38,14.22,0
2024-02-06,Atorvastatin,366,12,1099.64,0,0,Cipla Mumbai,10,14.35,13.93,14.25,0
2024-02-07,Atorvastatin,355,16,1490.06,0,0,Cipla Mumbai,7,15.45,17.2,15.32,0
2024-02-08,Atorvastatin,345,14,1321.44,0,0,Cipla Mumbai,5,15.37,15.6,14.33,0
2024-02-09,Atorvastatin,334,15,1446.58,0,0,Cipla Mumbai,10,13.53,14.16,14.97,0
2024-02-10,Atorvastatin,324,14,1278.82,0,0,Cipla Mumbai,5,15.68,15.94,15.66,0
2024-02-11,Atorvastatin,313,16,1480.65,0,0,Cipla Mumbai,14,14.39,16.17,14.38,0
2024-02-12,Atorvastatin,450,13,1254.67,0,0,Cipla Mumbai,5,14.02,13.48,15.63,0
2024-02-13,Atorvastatin,439,15,1404.13,0,0,Cipla Mumbai,14,14.9,16.01,15.86,0
2024-02-14,Atorvastatin,429,17,1600.51,0,0,Cipla Mumbai,5,14.54,13.98,14.34,0
2024-02-15,Atorvastatin,418,13,1226.07,0,0,Cipla Mumbai,7,15.29,14.01,15.28,0
2024-02-16,Atorvastatin,408,13,1226.9,0,0,Cipla Mumbai,10,14.31,16.47,14.25,0
2024-02-17,Atorvastatin,397,12,1158.9,0,0,Cipla Mumbai,7,16.1,14.63,14.76,0
2024-02-18,Atorvastatin,387,14,1317.77,0,0,Cipla Mumbai,14,16.48,14.17,15.91,0
2024-02-19,Atorvastatin,376,15,1406.1,0,0,Cipla Mumbai,5,14.18,16.58,14.54,0
2024-02-20,Atorvastatin,366,14,1334.76,0,0,Cipla Mumbai,5,14.24,17.0,15.96,0
2024-02-21,Atorvastatin,355,16,1575.44,0,0,Cipla Mumbai,14,13.69,14.12,14.57,0
2024-02-22,Atorvastatin,345,14,1290.96,0,0,Cipla Mumbai,14,13.82,16.42,15.3,0
2024-02-23,Atorvastatin,334,14,1293.82,0,0,Cipla Mumbai,5,15.12,16.55,13.94,0
2024-02-24,Atorvastatin,324,14,1316.49,0,0,Cipla Mumbai,5,14.33,15.94,15.63,0
2024-02-25,Atorvastatin,313,15,1473.45,0,0,Cipla Mumbai,10,16.21,13.19,14.05,0
2024-02-26,Atorvastatin,450,14,1349.69,0,0,Cipla Mumbai,5,15.96,13.32,15.41,0
2024-02-27,Atorvastatin,439,13,1266.09,0,0,Cipla Mumbai,14,14.55,13.13,15.83,0
2024-02-28,Atorvastatin,429,14,1291.72,0,0,Cipla Mumbai,10,14.05,14.02,15.04,0
2024-02-29,Atorvastatin,418,15,1413.63,0,0,Cipla Mumbai,14,14.39,16.92,14.83,0
2024-03-01,Atorvastatin,408,12,1116.01,0,0,Cipla Mumbai,14,15.87,13.47,14.4,0
2024-03-02,Atorvastatin,397,15,1383.08,0,0,Cipla Mumbai,5,14.1,15.68,15.56,0
2024-03-03,Atorvastatin,387,12,1124.64,0,0,Cipla Mumbai,7,15.79,15.96,15.39,0
2024-03-04,Atorvastatin,376,15,1451.47,0,0,Cipla Mumbai,7,14.17,13.97,14.15,0
2024-03-05,Atorvastatin,366,14,1309.18,0,0,Cipla Mumbai,14,15.22,13.15,15.94,0
2024-03-06,Atorvastatin,355,14,1264.11,0,0,Cipla Mumbai,5,15.61,16.54,15.1,0
2024-03-07,Atorvastatin,345,14,1377.31,0,0,Cipla Mumbai,7,16.29,16.1,14.38,0
2024-03-08,Atorvastatin,334,17,1645.47,0,0,Cipla Mumbai,10,14.96,16.35,16.08,0
2024-03-09,Atorvastatin,324,14,1332.42,0,0,Cipla Mumbai,10,14.71,16.67,13.87,0
2024-03-10,Atorvastatin,313,14,1282.8,0,0,Cipla Mumbai,5,13.87,17.17,13.83,0
2024-03-11,Atorvastatin,450,13,1222.62,0,0,Cipla Mumbai,5,15.6,16.67,15.34,0
2024-03-12,Atorvastatin,439,17,1630.0,0,0,Cipla Mumbai,14,13.53,15.76,14.53,0
2024-03-13,Atorvastatin,429,14,1340.26,0,0,Cipla Mumbai,5,14.16,15.66,16.02,0
2024-03-14,Atorvastatin,418,15,1426.91,0,0,Cipla Mumbai,5,15.42,12.96,15.7,0
2024-03-15,Atorvastatin,408,18,1702.21,0,0,Cipla Mumbai,7,14.01,16.52,15.9,0
2024-03-16,Atorvastatin,397,13,1192.16,0,0,Cipla Mumbai,14,13.79,16.66,14.03,0
2024-03-17,Atorvastatin,387,13,1188.35,0,0,Cipla Mumbai,5,13.65,15.86,15.34,0
2024-03-18,Atorvastatin,376,17,1546.52,0,0,Cipla Mumbai,14,15.89,14.91,15.09,0
2024-03-19,Atorvastatin,366,13,1195.41,0,0,Cipla Mumbai,5,14.69,14.93,15.58,0
2024-03-20,Atorvastatin,355,17,1586.17,0,0,Cipla Mumbai,10,14.29,14.4,13.92,0
2024-03-21,Atorvastatin,345,14,1392.64,0,0,Cipla Mumbai,10,14.27,16.02,15.5,0
2024-03-22,Atorvastatin,334,14,1383.1,0,0,Cipla Mumbai,7,15.62,13.05,14.95,0
2024-03-23,Atorvastatin,324,15,1385.35,0,0,Cipla Mumbai,10,14.46,14.53,14.4,0
2024-03-24,Atorvastatin,313,16,1512.38,0,0,Cipla Mumbai,7,15.88,14.37,14.58,0
2024-03-25,Atorvastatin,450,8,747.86,0,0,Cipla Mumbai,5,16.33,14.52,15.5,0
2024-03-26,Atorvastatin,439,17,1649.78,0,0,Cipla Mumbai,5,14.53,15.11,14.13,0
2024-03-27,Atorvastatin,429,15,1463.8,0,0,Cipla Mumbai,7,14.7,13.73,14.53,0
2024-03-28,Atorvastatin,418,13,1211.89,0,0,Cipla Mumbai,10,16.27,14.71,15.5,0
2024-03-29,Atorvastatin,408,12,1101.47,0,0,Cipla Mumbai,7,16.44,14.98,15.75,0
2024-03-30,Atorvastatin,397,18,1628.06,0,0,Cipla Mumbai,5,14.92,14.29,14.06,0
2024-01-01,Amlodipine,600,12,736.49,0,0,Dr Reddy Labs,14,13.25,14.13,13.65,0
2024-01-02,Amlodipine,590,12,712.84,0,0,Dr Reddy Labs,7,13.62,12.1,13.11,0
2024-01-03,Amlodipine,580,15,904.1,0,0,Dr Reddy Labs,7,14.89,12.71,13.06,0
2024-01-04,Amlodipine,570,15,907.48,0,0,Dr Reddy Labs,14,14.66,12.45,13.39,0
2024-01-05,Amlodipine,560,13,766.07,0,0,Dr Reddy Labs,5,15.38,13.27,14.95,0
2024-01-06,Amlodipine,551,17,1024.53,0,0,Dr Reddy Labs,5,14.18,12.11,14.67,0
2024-01-07,Amlodipine,541,11,681.9,0,0,Dr Reddy Labs,5,13.43,15.82,15.03,0
2024-01-08,Amlodipine,531,14,887.21,0,0,Dr Reddy Labs,10,13.78,12.14,15.0,0
2024-01-09,Amlodipine,521,14,882.03,0,0,Dr Reddy Labs,7,12.83,12.73,15.07,0
2024-01-10,Amlodipine,511,14,852.6,0,0,Dr Reddy Labs,7,13.0,12.79,14.24,0
2024-01-11,Amlodipine,502,14,909.47,0,0,Dr Reddy Labs,7,12.97,13.89,13.91,0
2024-01-12,Amlodipine,492,12,715.58,0,0,Dr Reddy Labs,14,14.17,15.02,14.21,0
2024-01-13,Amlodipine,482,12,748.72,0,0,Dr Reddy Labs,7,14.17,14.18,15.1,0
2024-01-14,Amlodipine,472,14,889.36,0,0,Dr Reddy Labs,5,14.31,12.84,14.31,0
2024-01-15,Amlodipine,600,14,835.3,0,0,Dr Reddy Labs,7,14.45,15.01,14.23,0
2024-01-16,Amlodipine,590,15,907.35,0,0,Dr Reddy Labs,5,12.82,11.98,14.6,0
2024-01-17,Amlodipine,580,12,713.76,0,0,Dr Reddy Labs,10,13.23,14.79,14.66,0
2024-01-18,Amlodipine,570,12,738.49,0,0,Dr Reddy Labs,10,14.99,15.59,14.36,0
2024-01-19,Amlodipine,560,14,833.27,0,0,Dr Reddy Labs,5,14.67,14.2,13.1,0
2024-01-20,Amlodipine,551,13,818.53,0,0,Dr Reddy Labs,7,12.64,15.64,13.98,0
2024-01-21,Amlodipine,541,14,835.85,0,0,Dr Reddy Labs,7,14.69,15.36,14.8,0
2024-01-22,Amlodipine,531,12,748.3,0,0,Dr Reddy Labs,14,14.53,15.01,14.02,0
2024-01-23,Amlodipine,521,13,774.54,0,0,Dr Reddy Labs,5,14.12,14.05,13.0,0
2024-01-24,Amlodipine,511,16,998.8,0,0,Dr Reddy Labs,14,14.78,15.2,13.24,0
2024-01-25,Amlodipine,502,12,749.92,0,0,Dr Reddy Labs,7,14.4,12.55,13.48,0
2024-01-26,Amlodipine,492,12,713.9,0,0,Dr Reddy Labs,7,13.97,13.35,13.34,0
2024-01-27,Amlodipine,482,11,648.88,0,0,Dr Reddy Labs,10,13.89,12.25,14.77,0
2024-01-28,Amlodipine,472,14,840.52,0,0,Dr Reddy Labs,14,13.67,14.05,14.87,0
2024-01-29,Amlodipine,600,14,832.08,0,0,Dr Reddy Labs,14,13.51,14.63,15.1,0
2024-01-30,Amlodipine,590,16,1033.71,0,0,Dr Reddy Labs,7,14.96,15.96,14.48,0
2024-01-31,Amlodipine,580,15,908.08,0,0,Dr Reddy Labs,14,13.75,15.22,14.35,0
2024-02-01,Amlodipine,570,12,736.68,0,0,Dr Reddy Labs,10,14.69,15.66,14.81,0
2024-02-02,Amlodipine,560,8,515.78,0,0,Dr Reddy Labs,7,13.25,14.69,14.67,0
2024-02-03,Amlodipine,551,11,679.06,0,0,Dr Reddy Labs,7,13.01,13.34,14.92,0
2024-02-04,Amlodipine,541,14,853.66,0,0,Dr Reddy Labs,10,15.28,13.96,14.14,0
2024-02-05,Amlodipine,531,13,825.17,0,0,Dr Reddy Labs,14,13.78,15.22,14.68,0
2024-02-06,Amlodipine,521,13,791.35,0,0,Dr Reddy Labs,5,13.16,15.68,13.99,0
2024-02-07,Amlodipine,511,15,964.29,0,0,Dr Reddy Labs,7,13.77,14.73,13.18,0
2024-02-08,Amlodipine,502,16,944.3,0,0,Dr Reddy Labs,14,14.92,15.99,14.77,0
2024-02-09,Amlodipine,492,13,773.99,0,0,Dr Reddy Labs,5,14.05,13.61,14.71,0
2024-02-10,Amlodipine,482,12,758.72,0,0,Dr Reddy Labs,14,13.68,14.81,13.18,0
2024-02-11,Amlodipine,472,16,967.14,0,0,Dr Reddy Labs,10,12.68,13.02,13.18,0
2024-02-12,Amlodipine,600,12,772.6,0,0,Dr Reddy Labs,14,15.03,13.82,13.92,0
2024-02-13,Amlodipine,590,16,994.44,0,0,Dr Reddy Labs,5,15.11,15.99,13.42,0
2024-02-14,Amlodipine,580,16,945.45,0,0,Dr Reddy Labs,14,14.83,15.98,14.76,0
2024-02-15,Amlodipine,570,13,788.17,0,0,Dr Reddy Labs,10,15.13,12.59,14.48,0
2024-02-16,Amlodipine,560,15,969.34,0,0,Dr Reddy Labs,10,12.75,13.51,13.76,0
2024-02-17,Amlodipine,551,14,850.62,0,0,Dr Reddy Labs,5,13.93,15.19,14.96,0
2024-02-18,Amlodipine,541,14,856.45,0,0,Dr Reddy Labs,10,15.09,15.64,13.6,0
2024-02-19,Amlodipine,531,17,1081.19,0,0,Dr Reddy Labs,5,14.24,12.91,14.2,0
2024-02-20,Amlodipine,521,16,999.1,0,0,Dr Reddy Labs,10,12.86,12.3,13.95,0
2024-02-21,Amlodipine,511,11,709.8,0,0,Dr Reddy Labs,7,13.51,14.59,12.88,0
2024-02-22,Amlodipine,502,14,830.75,0,0,Dr Reddy Labs,14,13.27,12.89,15.11,0
2024-02-23,Amlodipine,492,13,829.77,0,0,Dr Reddy Labs,7,15.04,14.72,13.69,0
2024-02-24,Amlodipine,482,13,811.91,0,0,Dr Reddy Labs,7,13.11,13.58,13.03,0
2024-02-25,Amlodipine,472,15,911.58,0,0,Dr Reddy Labs,14,12.73,14.67,14.62,0
2024-02-26,Amlodipine,600,11,675.38,0,0,Dr Reddy Labs,10,12.91,13.46,13.71,0
2024-02-27,Amlodipine,590,14,903.93,0,0,Dr Reddy Labs,10,14.83,14.28,13.61,0
2024-02-28,Amlodipine,580,12,726.61,0,0,Dr Reddy Labs,14,13.4,13.83,14.35,0
2024-02-29,Amlodipine,570,15,968.54,0,0,Dr Reddy Labs,7,13.38,15.62,13.06,0
2024-03-01,Amlodipine,560,14,879.53,0,0,Dr Reddy Labs,10,15.11,13.32,14.07,0
2024-03-02,Amlodipine,551,11,671.09,0,0,Dr Reddy Labs,7,13.29,15.27,14.1,0
2024-03-03,Amlodipine,541,13,793.75,0,0,Dr Reddy Labs,7,15.01,15.87,13.06,0
2024-03-04,Amlodipine,531,13,777.39,0,0,Dr Reddy Labs,14,13.69,14.8,13.48,0
2024-03-05,Amlodipine,521,13,817.78,0,0,Dr Reddy Labs,10,13.5,13.89,14.53,0
2024-03-06,Amlodipine,511,13,782.23,0,0,Dr Reddy Labs,5,13.25,15.64,13.34,0
2024-03-07,Amlodipine,502,12,712.16,0,0,Dr Reddy Labs,10,13.1,14.21,14.2,0
2024-03-08,Amlodipine,492,16,987.4,0,0,Dr Reddy Labs,14,12.74,14.53,14.97,0
2024-03-09,Amlodipine,482,15,917.59,0,0,Dr Reddy Labs,10,14.94,15.38,15.0,0
2024-03-10,Amlodipine,472,14,836.9,0,0,Dr Reddy Labs,5,14.91,14.38,14.64,0
2024-03-11,Amlodipine,600,15,894.57,0,0,Dr Reddy Labs,7,14.68,13.25,14.71,0
2024-03-12,Amlodipine,590,15,926.16,0,0,Dr Reddy Labs,14,14.59,13.62,12.9,0
2024-03-13,Amlodipine,580,16,994.78,0,0,Dr Reddy Labs,14,15.09,13.73,14.94,0
2024-03-14,Amlodipine,570,13,815.7,0,0,Dr Reddy Labs,5,14.22,15.72,14.67,0
2024-03-15,Amlodipine,560,13,828.74,0,0,Dr Reddy Labs,5,14.7,12.88,14.03,0
2024-03-16,Amlodipine,551,17,1031.52,0,0,Dr Reddy Labs,7,13.04,14.54,14.16,0
2024-03-17,Amlodipine,541,12,727.37,0,0,Dr Reddy Labs,10,14.02,13.56,13.76,0
2024-03-18,Amlodipine,531,12,734.47,0,0,Dr Reddy Labs,14,13.55,14.53,14.75,0
2024-03-19,Amlodipine,521,16,1015.56,0,0,Dr Reddy Labs,7,14.17,12.48,14.93,0
2024-03-20,Amlodipine,511,13,841.54,0,0,Dr Reddy Labs,5,14.59,14.69,15.04,0
2024-03-21,Amlodipine,502,13,845.78,0,0,Dr Reddy Labs,7,14.59,15.82,15.1,0
2024-03-22,Amlodipine,492,11,701.32,0,0,Dr Reddy Labs,7,13.15,13.24,14.02,0
2024-03-23,Amlodipine,482,13,837.28,0,0,Dr Reddy Labs,5,13.59,12.39,13.84,0
2024-03-24,Amlodipine,472,12,733.8,0,0,Dr Reddy Labs,10,12.83,15.54,14.18,0
2024-03-25,Amlodipine,600,15,957.74,0,0,Dr Reddy Labs,5,14.74,15.8,15.01,0
2024-03-26,Amlodipine,590,15,930.81,0,0,Dr Reddy Labs,7,13.94,14.66,14.72,0
2024-03-27,Amlodipine,580,13,808.49,0,0,Dr Reddy Labs,5,14.24,15.43,13.29,0
2024-03-28,Amlodipine,570,14,843.61,0,0,Dr Reddy Labs,5,12.79,12.49,13.57,0
2024-03-29,Amlodipine,560,11,686.86,0,0,Dr Reddy Labs,10,13.34,16.08,13.41,0
2024-03-30,Amlodipine,551,9,571.67,0,0,Dr Reddy Labs,7,15.01,13.53,14.84,0
2024-01-01,Pantoprazole,550,21,702.8,0,0,Sun Pharma,14,19.47,21.04,19.16,0
2024-01-02,Pantoprazole,536,17,599.48,0,0,Sun Pharma,10,19.82,20.35,20.6,0
2024-01-03,Pantoprazole,522,23,832.81,0,0,Sun Pharma,5,21.9,20.99,19.85,0
2024-01-04,Pantoprazole,508,18,644.72,0,0,Sun Pharma,5,18.66,19.58,19.71,0
2024-01-05,Pantoprazole,494,21,722.22,0,0,Sun Pharma,5,21.08,22.88,21.59,0
2024-01-06,Pantoprazole,480,18,603.51,0,0,Sun Pharma,14,20.38,19.0,20.72,0
2024-01-07,Pantoprazole,466,19,636.33,0,0,Sun Pharma,7,19.56,20.1,20.02,0
2024-01-08,Pantoprazole,452,17,600.39,0,0,Sun Pharma,10,21.79,19.06,19.36,0
2024-01-09,Pantoprazole,438,17,576.23,0,0,Sun Pharma,5,18.14,21.96,20.88,0
2024-01-10,Pantoprazole,424,19,640.89,0,0,Sun Pharma,10,21.92,19.59,18.62,0
2024-01-11,Pantoprazole,410,23,783.8,0,0,Sun Pharma,10,19.24,21.11,21.03,0
2024-01-12,Pantoprazole,396,21,728.02,0,0,Sun Pharma,7,18.32,22.04,21.05,0
2024-01-13,Pantoprazole,382,21,712.56,0,0,Sun Pharma,14,21.33,18.98,20.3,0
2024-01-14,Pantoprazole,368,18,623.65,0,0,Sun Pharma,14,22.0,17.95,21.43,0
2024-01-15,Pantoprazole,550,20,682.23,0,0,Sun Pharma,10,18.07,21.35,20.46,0
2024-01-16,Pantoprazole,536,18,634.24,0,0,Sun Pharma,10,19.2,17.81,19.75,0
2024-01-17,Pantoprazole,522,18,652.17,0,0,Sun Pharma,10,19.54,18.77,18.45,0
2024-01-18,Pantoprazole,508,16,551.09,0,0,Sun Pharma,7,18.79,20.61,19.84,0
2024-01-19,Pantoprazole,494,17,616.96,0,0,Sun Pharma,14,19.04,21.13,19.38,0
2024-01-20,Pantoprazole,480,23,813.05,0,0,Sun Pharma,10,19.92,20.34,21.09,0
2024-01-21,Pantoprazole,466,17,588.34,0,0,Sun Pharma,14,21.57,21.52,21.38,0
2024-01-22,Pantoprazole,452,18,642.04,0,0,Sun Pharma,10,18.01,19.85,19.04,0
2024-01-23,Pantoprazole,438,20,701.33,0,0,Sun Pharma,10,18.69,17.04,20.0,0
2024-01-24,Pantoprazole,424,17,572.29,0,0,Sun Pharma,7,18.81,18.15,18.5,0
2024-01-25,Pantoprazole,410,16,571.87,0,0,Sun Pharma,5,18.21,18.44,21.06,0
2024-01-26,Pantoprazole,396,20,701.42,0,0,Sun Pharma,5,20.8,21.29,20.84,0
2024-01-27,Pantoprazole,382,19,683.71,0,0,Sun Pharma,10,20.3,21.21,19.94,0
2024-01-28,Pantoprazole,368,19,650.52,0,0,Sun Pharma,7,18.29,18.76,18.54,0
2024-01-29,Pantoprazole,550,20,719.85,0,0,Sun Pharma,5,18.03,19.06,20.8,0
2024-01-30,Pantoprazole,536,23,803.0,0,0,Sun Pharma,7,19.46,19.68,19.77,0
2024-01-31,Pantoprazole,522,21,731.81,0,0,Sun Pharma,7,19.75,22.7,20.68,0
2024-02-01,Pantoprazole,508,17,617.33,0,0,Sun Pharma,5,21.27,19.64,20.05,0
2024-02-02,Pantoprazole,494,15,533.28,0,0,Sun Pharma,10,21.3,17.39,19.82,0
2024-02-03,Pantoprazole,480,20,679.95,0,0,Sun Pharma,5,18.29,19.09,20.76,0
2024-02-04,Pantoprazole,466,19,634.41,0,0,Sun Pharma,14,20.45,19.07,19.39,0
2024-02-05,Pantoprazole,452,19,658.95,0,0,Sun Pharma,14,19.9,17.36,18.75,0
2024-02-06,Pantoprazole,438,15,510.89,0,0,Sun Pharma,7,21.04,20.93,19.14,0
2024-02-07,Pantoprazole,424,17,619.9,0,0,Sun Pharma,14,21.63,22.15,19.47,0
2024-02-08,Pantoprazole,410,18,627.23,0,0,Sun Pharma,14,21.14,17.07,20.6,0
2024-02-09,Pantoprazole,396,19,646.22,0,0,Sun Pharma,5,21.2,17.54,19.13,0
2024-02-10,Pantoprazole,382,16,580.95,0,0,Sun Pharma,5,20.8,18.95,19.8,0
2024-02-11,Pantoprazole,368,16,538.34,0,0,Sun Pharma,14,19.58,17.8,18.81,0
2024-02-12,Pantoprazole,550,19,635.06,0,0,Sun Pharma,10,18.65,22.74,20.66,0
2024-02-13,Pantoprazole,536,17,622.24,0,0,Sun Pharma,7,21.43,18.14,21.59,0
2024-02-14,Pantoprazole,522,16,542.92,0,0,Sun Pharma,7,22.0,21.81,19.77,0
2024-02-15,Pantoprazole,508,16,549.43,0,0,Sun Pharma,5,20.05,18.64,19.07,0
2024-02-16,Pantoprazole,494,18,642.16,0,0,Sun Pharma,10,21.22,17.19,20.3,0
2024-02-17,Pantoprazole,480,20,716.25,0,0,Sun Pharma,10,19.08,19.95,20.7,0
2024-02-18,Pantoprazole,466,20,732.72,0,0,Sun Pharma,7,19.6,21.71,20.48,0
2024-02-19,Pantoprazole,452,21,704.03,0,0,Sun Pharma,10,18.09,17.93,20.4,0
2024-02-20,Pantoprazole,438,19,696.88,0,0,Sun Pharma,14,18.47,19.73,19.77,0
2024-02-21,Pantoprazole,424,18,643.69,0,0,Sun Pharma,10,21.56,21.67,20.49,0
2024-02-22,Pantoprazole,410,21,736.16,0,0,Sun Pharma,7,20.41,22.48,20.19,0
2024-02-23,Pantoprazole,396,21,743.92,0,0,Sun Pharma,10,19.49,21.11,19.43,0
2024-02-24,Pantoprazole,382,20,665.12,0,0,Sun Pharma,7,18.87,22.39,19.37,0
2024-02-25,Pantoprazole,368,23,842.49,0,0,Sun Pharma,7,19.03,19.1,21.33,0
2024-02-26,Pantoprazole,550,20,686.23,0,0,Sun Pharma,7,21.13,20.25,20.01,0
2024-02-27,Pantoprazole,536,21,703.57,0,0,Sun Pharma,7,18.07,20.24,21.57,0
2024-02-28,Pantoprazole,522,20,669.66,0,0,Sun Pharma,10,18.46,18.64,20.23,0
2024-02-29,Pantoprazole,508,15,537.08,0,0,Sun Pharma,14,20.46,20.56,21.32,0
2024-03-01,Pantoprazole,494,18,623.7,0,0,Sun Pharma,5,19.71,22.33,19.45,0
2024-03-02,Pantoprazole,480,18,652.32,0,0,Sun Pharma,10,18.67,20.56,20.84,0
2024-03-03,Pantoprazole,466,19,685.01,0,0,Sun Pharma,5,19.35,22.99,21.53,0
2024-03-04,Pantoprazole,452,16,581.45,0,0,Sun Pharma,5,20.17,17.52,21.26,0
2024-03-05,Pantoprazole,438,18,644.22,0,0,Sun Pharma,14,20.08,19.32,19.9,0
2024-03-06,Pantoprazole,424,21,716.7,0,0,Sun Pharma,14,20.38,22.14,21.16,0
2024-03-07,Pantoprazole,410,21,711.35,0,0,Sun Pharma,10,21.98,17.29,20.63,0
2024-03-08,Pantoprazole,396,18,649.78,0,0,Sun Pharma,7,20.28,21.25,19.77,0
2024-03-09,Pantoprazole,382,18,608.58,0,0,Sun Pharma,7,20.13,17.33,21.45,0
2024-03-10,Pantoprazole,368,22,796.53,0,0,Sun Pharma,10,21.93,21.42,19.91,0
2024-03-11,Pantoprazole,550,23,821.05,0,0,Sun Pharma,14,21.5,21.35,19.2,0
2024-03-12,Pantoprazole,536,21,720.32,0,0,Sun Pharma,10,20.43,18.01,21.14,0
2024-03-13,Pantoprazole,522,16,577.05,0,0,Sun Pharma,7,21.44,19.93,18.92,0
2024-03-14,Pantoprazole,508,20,727.11,0,0,Sun Pharma,7,19.15,17.16,19.04,0
2024-03-15,Pantoprazole,494,18,649.95,0,0,Sun Pharma,10,21.85,21.59,19.42,0
2024-03-16,Pantoprazole,480,18,603.91,0,0,Sun Pharma,7,19.82,19.81,19.71,0
2024-03-17,Pantoprazole,466,21,737.06,0,0,Sun Pharma,7,19.39,18.19,21.37,0
2024-03-18,Pantoprazole,452,14,512.63,0,0,Sun Pharma,7,19.62,18.62,19.04,0
2024-03-19,Pantoprazole,438,18,658.36,0,0,Sun Pharma,14,19.93,17.2,21.33,0
2024-03-20,Pantoprazole,424,20,707.71,0,0,Sun Pharma,14,18.12,21.4,20.93,0
2024-03-21,Pantoprazole,410,19,679.37,0,0,Sun Pharma,7,19.76,17.15,18.92,0
2024-03-22,Pantoprazole,396,18,645.74,0,0,Sun Pharma,10,21.22,19.92,21.07,0
2024-03-23,Pantoprazole,382,20,707.53,0,0,Sun Pharma,10,19.8,19.86,18.55,0
2024-03-24,Pantoprazole,368,18,633.64,0,0,Sun Pharma,14,19.2,19.46,20.21,0
2024-03-25,Pantoprazole,550,20,686.36,0,0,Sun Pharma,14,20.54,18.91,20.27,0
2024-03-26,Pantoprazole,536,25,901.45,0,0,Sun Pharma,10,18.38,20.36,18.76,0
2024-03-27,Pantoprazole,522,16,580.47,0,0,Sun Pharma,14,20.68,19.94,19.8,0
2024-03-28,Pantoprazole,508,21,758.24,0,0,Sun Pharma,5,19.4,20.88,18.77,0
2024-03-29,Pantoprazole,494,20,717.5,0,0,Sun Pharma,5,18.61,19.47,20.93,0
2024-03-30,Pantoprazole,480,21,749.89,0,0,Sun Pharma,14,18.51,17.27,19.39,0
2024-01-01,Amoxicillin,200,32,2598.04,0,1,BioPharma India,14,27.22,34.31,27.88,0
2024-01-02,Amoxicillin,179,27,2189.5,0,1,BioPharma India,5,27.65,25.95,31.87,0
2024-01-03,Amoxicillin,158,32,2477.9,0,1,BioPharma India,14,32.49,33.34,29.65,0
2024-01-04,Amoxicillin,137,29,2240.53,0,1,BioPharma India,14,30.25,33.32,31.31,0
2024-01-05,Amoxicillin,116,23,1887.35,0,1,BioPharma India,5,30.84,25.86,27.93,0
2024-01-06,Amoxicillin,95,27,2094.38,0,1,BioPharma India,10,32.04,28.92,27.82,0
2024-01-07,Amoxicillin,74,28,2313.62,0,1,BioPharma India,5,27.09,31.75,28.71,0
2024-01-08,Amoxicillin,53,34,2797.74,0,1,BioPharma India,7,31.52,32.51,30.68,0
2024-01-09,Amoxicillin,32,28,2132.53,0,1,BioPharma India,7,30.98,26.43,28.9,0
2024-01-10,Amoxicillin,11,26,2067.2,0,1,BioPharma India,7,27.88,33.61,31.47,0
2024-01-11,Amoxicillin,1,32,2637.58,0,1,BioPharma India,10,27.81,32.72,30.53,0
2024-01-12,Amoxicillin,1,27,2215.82,0,1,BioPharma India,10,28.17,32.42,27.98,0
2024-01-13,Amoxicillin,1,40,3341.79,0,1,BioPharma India,14,28.93,34.45,29.27,0
2024-01-14,Amoxicillin,1,31,2506.15,0,1,BioPharma India,10,28.11,27.23,28.08,0
2024-01-15,Amoxicillin,200,26,2009.0,0,0,BioPharma India,5,32.88,31.6,31.93,0
2024-01-16,Amoxicillin,179,37,2825.88,0,1,BioPharma India,7,29.84,31.32,31.94,0
2024-01-17,Amoxicillin,158,31,2464.99,0,1,BioPharma India,7,27.16,29.55,31.58,0
2024-01-18,Amoxicillin,137,28,2163.82,0,1,BioPharma India,5,30.31,33.71,30.42,0
2024-01-19,Amoxicillin,116,33,2598.27,0,1,BioPharma India,5,31.17,32.79,30.97,0
2024-01-20,Amoxicillin,95,35,2840.07,0,1,BioPharma India,5,29.68,32.12,29.42,0
2024-01-21,Amoxicillin,74,28,2131.89,0,1,BioPharma India,7,29.39,33.74,28.71,0
2024-01-22,Amoxicillin,53,29,2434.94,0,1,BioPharma India,10,32.63,27.48,31.75,0
2024-01-23,Amoxicillin,32,34,2842.68,0,1,BioPharma India,14,27.88,27.19,31.28,0
2024-01-24,Amoxicillin,11,31,2556.54,0,1,BioPharma India,7,31.16,27.46,31.88,0
2024-01-25,Amoxicillin,1,29,2343.32,0,1,BioPharma India,10,30.5,28.79,30.73,0
2024-01-26,Amoxicillin,1,36,2838.12,1,1,BioPharma India,5,28.3,29.85,32.19,7
2024-01-27,Amoxicillin,1,32,2438.29,0,1,BioPharma India,5,32.54,34.02,30.88,0
2024-01-28,Amoxicillin,1,24,1959.91,0,1,BioPharma India,5,32.79,29.66,31.7,0
2024-01-29,Amoxicillin,200,33,2575.98,0,1,BioPharma India,10,30.78,27.04,31.27,0
2024-01-30,Amoxicillin,179,34,2782.59,0,1,BioPharma India,5,31.08,28.14,31.42,0
2024-01-31,Amoxicillin,158,36,2813.07,0,1,BioPharma India,10,28.76,29.95,27.8,0
2024-02-01,Amoxicillin,137,27,2249.68,0,1,BioPharma India,7,29.88,30.78,31.79,0
2024-02-02,Amoxicillin,116,24,1995.72,0,1,BioPharma India,10,28.63,29.08,29.72,0
2024-02-03,Amoxicillin,95,23,1866.12,0,1,BioPharma India,14,32.1,26.34,27.8,0
2024-02-04,Amoxicillin,74,28,2214.2,0,1,BioPharma India,14,31.24,28.22,27.82,0
2024-02-05,Amoxicillin,53,29,2212.33,0,1,BioPharma India,10,30.7,33.6,31.39,0
2024-02-06,Amoxicillin,32,30,2459.03,0,1,BioPharma India,5,27.39,26.4,29.19,0
2024-02-07,Amoxicillin,11,36,2869.05,0,1,BioPharma India,7,29.73,30.14,30.09,0
2024-02-08,Amoxicillin,1,27,2153.86,0,1,BioPharma India,10,30.84,30.77,28.45,0
2024-02-09,Amoxicillin,1,26,2083.02,0,1,BioPharma India,5,27.37,32.83,29.25,0
2024-02-10,Amoxicillin,1,33,2656.87,0,1,BioPharma India,7,32.62,25.59,29.58,0
2024-02-11,Amoxicillin,1,29,2273.37,0,1,BioPharma India,5,28.82,29.98,28.49,0
2024-02-12,Amoxicillin,200,30,2369.22,0,1,BioPharma India,5,28.65,30.85,29.33,0
2024-02-13,Amoxicillin,179,28,2294.16,0,1,BioPharma India,10,30.75,26.52,28.82,0
2024-02-14,Amoxicillin,158,33,2741.62,0,1,BioPharma India,5,32.94,29.3,28.07,0
2024-02-15,Amoxicillin,137,24,1924.4,0,1,BioPharma India,7,30.43,34.04,29.73,0
2024-02-16,Amoxicillin,116,33,2624.95,0,1,BioPharma India,14,27.18,29.46,30.05,0
2024-02-17,Amoxicillin,95,32,2647.66,0,1,BioPharma India,7,29.91,31.68,31.31,0
2024-02-18,Amoxicillin,74,24,1909.32,1,1,BioPharma India,10,28.17,28.33,29.77,4
2024-02-19,Amoxicillin,53,30,2410.05,0,1,BioPharma India,10,28.63,30.84,28.96,0
2024-02-20,Amoxicillin,32,27,2196.22,0,1,BioPharma India,5,28.96,34.11,29.84,0
2024-02-21,Amoxicillin,11,31,2567.06,0,1,BioPharma India,5,29.8,30.78,31.62,0
2024-02-22,Amoxicillin,1,32,2563.35,0,1,BioPharma India,5,28.59,28.96,27.68,0
2024-02-23,Amoxicillin,1,32,2434.59,0,1,BioPharma India,5,27.06,29.73,29.0,0
2024-02-24,Amoxicillin,1,30,2374.13,0,1,BioPharma India,7,32.11,34.13,28.45,0
2024-02-25,Amoxicillin,1,31,2454.06,0,1,BioPharma India,7,27.75,33.04,28.15,0
2024-02-26,Amoxicillin,200,21,1636.73,0,0,BioPharma India,5,28.44,26.65,31.23,0
2024-02-27,Amoxicillin,179,36,3022.18,0,1,BioPharma India,5,31.58,31.28,32.23,0
2024-02-28,Amoxicillin,158,27,2203.23,1,1,BioPharma India,5,31.25,27.31,28.36,1
2024-02-29,Amoxicillin,137,34,2632.74,0,1,BioPharma India,5,29.06,28.02,29.59,0
2024-03-01,Amoxicillin,116,31,2429.75,0,1,BioPharma India,5,32.88,28.19,27.63,0
2024-03-02,Amoxicillin,95,30,2466.94,0,1,BioPharma India,10,31.19,32.09,29.81,0
2024-03-03,Amoxicillin,74,30,2464.88,0,1,BioPharma India,5,28.2,27.92,29.71,0
2024-03-04,Amoxicillin,53,29,2394.57,0,1,BioPharma India,5,27.98,27.76,28.63,0
2024-03-05,Amoxicillin,32,23,1798.18,0,1,BioPharma India,10,32.9,31.53,31.75,0
2024-03-06,Amoxicillin,11,21,1612.04,0,1,BioPharma India,5,32.95,31.11,31.34,0
2024-03-07,Amoxicillin,1,34,2601.76,0,1,BioPharma India,10,30.55,28.85,29.46,0
2024-03-08,Amoxicillin,1,25,2070.76,0,1,BioPharma India,5,30.76,30.41,30.82,0
2024-03-09,Amoxicillin,1,30,2352.44,0,1,BioPharma India,5,27.21,29.51,29.82,0
2024-03-10,Amoxicillin,1,26,2049.3,0,1,BioPharma India,7,32.22,32.45,30.96,0
2024-03-11,Amoxicillin,200,29,2265.92,0,1,BioPharma India,7,28.66,27.68,31.77,0
2024-03-12,Amoxicillin,179,27,2110.21,0,1,BioPharma India,14,32.15,25.75,27.62,0
2024-03-13,Amoxicillin,158,40,3146.24,0,1,BioPharma India,10,27.53,31.57,29.47,0
2024-03-14,Amoxicillin,137,33,2535.37,0,1,BioPharma India,5,27.81,28.11,32.25,0
2024-03-15,Amoxicillin,116,31,2409.94,1,1,BioPharma India,7,31.8,30.25,29.32,1
2024-03-16,Amoxicillin,95,30,2293.86,0,1,BioPharma India,10,30.99,27.56,28.27,0
2024-03-17,Amoxicillin,74,26,2008.62,0,1,BioPharma India,10,27.64,27.57,27.64,0
2024-03-18,Amoxicillin,53,28,2269.67,0,1,BioPharma India,10,30.91,26.8,30.46,0
2024-03-19,Amoxicillin,32,24,1904.57,0,1,BioPharma India,5,27.21,32.68,31.08,0
2024-03-20,Amoxicillin,11,32,2554.4,0,1,BioPharma India,5,31.61,34.47,28.82,0
2024-03-21,Amoxicillin,1,32,2572.56,0,1,BioPharma India,10,29.96,31.06,31.82,0
2024-03-22,Amoxicillin,1,30,2390.81,1,1,BioPharma India,7,28.69,33.36,31.75,6
2024-03-23,Amoxicillin,1,27,2203.33,0,1,BioPharma India,14,28.6,28.95,28.89,0
2024-03-24,Amoxicillin,1,30,2467.57,0,1,BioPharma India,7,28.02,26.16,28.17,0
2024-03-25,Amoxicillin,200,30,2321.25,1,1,BioPharma India,7,27.23,33.84,28.47,4
2024-03-26,Amoxicillin,179,35,2783.22,0,1,BioPharma India,14,28.2,28.22,29.96,0
2024-03-27,Amoxicillin,158,26,2133.47,0,1,BioPharma India,10,27.53,31.15,29.78,0
2024-03-28,Amoxicillin,137,36,2903.75,0,1,BioPharma India,14,28.37,27.83,29.41,0
2024-03-29,Amoxicillin,116,30,2371.96,0,1,BioPharma India,14,27.39,30.57,30.01,0
2024-03-30,Amoxicillin,95,34,2740.27,0,1,BioPharma India,14,28.55,29.74,30.47,0
2024-01-01,Paracetamol,700,45,838.16,0,0,Abbott India,7,50.03,51.62,49.9,0
2024-01-02,Paracetamol,665,59,1029.02,0,0,Abbott India,14,49.32,46.71,46.69,0
2024-01-03,Paracetamol,630,50,941.95,0,0,Abbott India,10,54.05,51.24,49.28,0
2024-01-04,Paracetamol,595,46,814.57,0,0,Abbott India,7,45.78,47.67,48.39,0
2024-01-05,Paracetamol,560,43,805.62,0,0,Abbott India,5,50.28,55.67,52.49,0
2024-01-06,Paracetamol,525,50,926.06,0,0,Abbott India,5,51.58,49.15,48.33,0
2024-01-07,Paracetamol,490,56,986.66,0,0,Abbott India,7,51.98,51.96,53.53,0
2024-01-08,Paracetamol,455,45,791.03,0,0,Abbott India,10,47.15,49.26,51.55,0
2024-01-09,Paracetamol,420,50,916.41,0,0,Abbott India,5,45.18,43.58,47.25,0
2024-01-10,Paracetamol,385,39,695.04,0,0,Abbott India,14,54.4,42.51,52.05,0
2024-01-11,Paracetamol,350,39,733.79,0,0,Abbott India,10,46.01,54.32,50.14,0
2024-01-12,Paracetamol,315,48,845.01,0,1,Abbott India,5,49.3,53.63,48.15,0
2024-01-13,Paracetamol,280,48,826.53,0,1,Abbott India,7,47.38,45.4,53.63,0
2024-01-14,Paracetamol,245,44,753.32,0,1,Abbott India,10,48.69,57.28,48.95,0
2024-01-15,Paracetamol,700,46,803.69,0,0,Abbott India,14,50.63,53.84,52.88,0
2024-01-16,Paracetamol,665,43,749.72,0,0,Abbott India,5,50.37,50.94,53.12,0
2024-01-17,Paracetamol,630,49,905.51,0,0,Abbott India,10,51.17,55.33,47.33,0
2024-01-18,Paracetamol,595,60,1090.99,0,0,Abbott India,14,51.87,53.48,53.16,0
2024-01-19,Paracetamol,560,54,924.34,0,0,Abbott India,7,50.56,51.97,53.91,0
2024-01-20,Paracetamol,525,50,859.74,0,0,Abbott India,10,46.13,45.72,47.39,0
2024-01-21,Paracetamol,490,41,762.42,0,0,Abbott India,5,46.79,49.89,52.99,0
2024-01-22,Paracetamol,455,44,825.33,0,0,Abbott India,14,53.62,46.61,51.33,0
2024-01-23,Paracetamol,420,50,915.08,0,0,Abbott India,10,51.46,46.17,53.5,0
2024-01-24,Paracetamol,385,53,940.72,0,0,Abbott India,10,48.82,53.21,51.21,0
2024-01-25,Paracetamol,350,46,865.26,0,0,Abbott India,10,48.53,52.52,50.22,0
2024-01-26,Paracetamol,315,46,788.01,0,1,Abbott India,14,50.39,56.45,51.8,0
2024-01-27,Paracetamol,280,49,897.54,0,1,Abbott India,5,51.8,48.52,46.91,0
2024-01-28,Paracetamol,245,45,836.25,0,1,Abbott India,14,46.85,44.87,46.27,0
2024-01-29,Paracetamol,700,42,721.84,0,0,Abbott India,7,50.75,44.45,47.41,0
2024-01-30,Paracetamol,665,44,776.77,0,0,Abbott India,14,52.24,55.15,49.72,0
2024-01-31,Paracetamol,630,50,924.89,0,0,Abbott India,14,51.76,53.4,48.85,0
2024-02-01,Paracetamol,595,49,848.86,0,0,Abbott India,14,54.76,45.91,47.54,0
2024-02-02,Paracetamol,560,45,813.63,0,0,Abbott India,10,49.95,49.59,50.64,0
2024-02-03,Paracetamol,525,46,788.46,0,0,Abbott India,5,45.11,49.63,48.69,0
2024-02-04,Paracetamol,490,53,961.54,0,0,Abbott India,10,47.52,52.0,46.58,0
2024-02-05,Paracetamol,455,44,775.76,0,0,Abbott India,14,52.56,47.32,49.92,0
2024-02-06,Paracetamol,420,54,995.54,0,0,Abbott India,14,50.94,57.13,49.82,0
2024-02-07,Paracetamol,385,57,1045.6,0,1,Abbott India,5,49.97,54.43,48.09,0
2024-02-08,Paracetamol,350,53,983.05,0,1,Abbott India,7,51.35,51.86,47.06,0
2024-02-09,Paracetamol,315,52,963.91,0,1,Abbott India,7,54.72,45.02,49.28,0
2024-02-10,Paracetamol,280,54,929.62,0,1,Abbott India,14,47.31,45.91,52.22,0
2024-02-11,Paracetamol,245,55,1027.51,0,1,Abbott India,5,51.88,46.37,53.42,0
2024-02-12,Paracetamol,700,40,711.34,0,0,Abbott India,5,47.62,51.2,51.65,0
2024-02-13,Paracetamol,665,51,879.51,0,0,Abbott India,10,46.7,44.61,50.98,0
2024-02-14,Paracetamol,630,47,827.87,0,0,Abbott India,7,49.7,56.95,48.82,0
2024-02-15,Paracetamol,595,53,927.68,0,0,Abbott India,5,50.09,50.79,48.63,0
2024-02-16,Paracetamol,560,43,757.17,0,0,Abbott India,5,52.0,54.06,48.24,0
2024-02-17,Paracetamol,525,55,963.04,0,0,Abbott India,7,47.37,54.19,50.85,0
2024-02-18,Paracetamol,490,50,922.63,0,0,Abbott India,7,48.34,52.47,50.49,0
2024-02-19,Paracetamol,455,52,968.7,0,0,Abbott India,14,47.2,53.62,47.27,0
2024-02-20,Paracetamol,420,52,916.72,0,0,Abbott India,14,53.2,44.54,51.65,0
2024-02-21,Paracetamol,385,43,763.24,0,0,Abbott India,5,46.86,44.4,48.08,0
2024-02-22,Paracetamol,350,52,902.67,0,1,Abbott India,10,49.4,49.61,50.52,0
2024-02-23,Paracetamol,315,52,893.62,0,1,Abbott India,5,45.3,43.75,53.55,0
2024-02-24,Paracetamol,280,62,1167.18,0,1,Abbott India,5,49.46,54.21,51.71,0
2024-02-25,Paracetamol,245,53,970.21,0,1,Abbott India,10,49.22,54.63,49.04,0
2024-02-26,Paracetamol,700,44,776.26,0,0,Abbott India,14,47.13,45.94,48.44,0
2024-02-27,Paracetamol,665,53,995.75,0,0,Abbott India,14,51.75,54.92,50.35,0
2024-02-28,Paracetamol,630,52,960.13,0,0,Abbott India,14,47.21,49.49,51.33,0
2024-02-29,Paracetamol,595,43,775.81,0,0,Abbott India,5,52.39,53.52,53.88,0
2024-03-01,Paracetamol,560,47,818.04,0,0,Abbott India,5,52.9,48.72,50.72,0
2024-03-02,Paracetamol,525,57,1075.84,0,0,Abbott India,14,54.38,52.4,50.61,0
2024-03-03,Paracetamol,490,41,742.55,0,0,Abbott India,7,49.05,47.84,50.5,0
2024-03-04,Paracetamol,455,46,857.26,0,0,Abbott India,7,52.05,53.87,50.68,0
2024-03-05,Paracetamol,420,53,938.93,0,0,Abbott India,5,54.51,55.92,50.11,0
2024-03-06,Paracetamol,385,50,860.22,0,0,Abbott India,7,52.73,48.6,48.88,0
2024-03-07,Paracetamol,350,49,895.56,0,0,Abbott India,7,46.39,47.56,52.42,0
2024-03-08,Paracetamol,315,54,982.03,0,1,Abbott India,14,52.49,46.11,53.39,0
2024-03-09,Paracetamol,280,42,769.69,0,1,Abbott India,14,46.37,43.1,46.44,0
2024-03-10,Paracetamol,245,55,1037.42,0,1,Abbott India,10,49.02,42.88,49.81,0
2024-03-11,Paracetamol,700,54,1015.37,0,0,Abbott India,5,47.56,47.06,50.79,0
2024-03-12,Paracetamol,665,52,922.1,0,0,Abbott India,7,48.74,48.06,53.78,0
2024-03-13,Paracetamol,630,49,882.04,0,0,Abbott India,14,51.82,48.58,50.44,0
2024-03-14,Paracetamol,595,67,1168.01,0,0,Abbott India,10,53.36,55.95,47.3,0
2024-03-15,Paracetamol,560,30,546.93,0,0,Abbott India,5,53.38,43.92,50.5,0
2024-03-16,Paracetamol,525,38,688.46,0,0,Abbott India,5,46.48,50.38,52.86,0
2024-03-17,Paracetamol,490,42,785.41,0,0,Abbott India,14,53.59,47.17,46.01,0
2024-03-18,Paracetamol,455,56,1001.94,0,0,Abbott India,10,45.92,52.89,47.71,0
2024-03-19,Paracetamol,420,54,1005.0,0,0,Abbott India,10,51.93,49.28,47.03,0
2024-03-20,Paracetamol,385,43,761.18,0,0,Abbott India,14,45.74,50.44,51.18,0
2024-03-21,Paracetamol,350,47,831.15,0,0,Abbott India,14,49.21,56.93,48.19,0
2024-03-22,Paracetamol,315,47,871.33,0,1,Abbott India,7,52.45,43.22,46.37,0
2024-03-23,Paracetamol,280,38,691.35,0,0,Abbott India,14,47.19,52.16,53.37,0
2024-03-24,Paracetamol,245,45,817.26,0,1,Abbott India,10,47.38,48.25,48.29,0
2024-03-25,Paracetamol,700,47,876.45,0,0,Abbott India,10,51.82,47.45,53.08,0
2024-03-26,Paracetamol,665,42,765.8,0,0,Abbott India,10,52.31,53.65,52.89,0
2024-03-27,Paracetamol,630,60,1099.47,0,0,Abbott India,5,45.44,51.3,49.14,0
2024-03-28,Paracetamol,595,54,990.49,0,0,Abbott India,7,45.06,45.24,49.79,0
2024-03-29,Paracetamol,560,51,941.81,0,0,Abbott India,7,49.05,46.64,48.43,0
2024-03-30,Paracetamol,525,48,897.93,0,0,Abbott India,5,48.54,52.21,49.4,0
